Number Items,8
Beute Value,2.3203794956083232
Räuber 1,1.1749338600415897
Räuber 2,1.1454456355667335
Value Function,0.02948822447485598
Iterations needed,100
Time needed [s],0.1815239
