Number Items,10
Beute Value,2.9025661875263804
Räuber 1,1.4506790182343878
Räuber 2,1.4518871692919926
Value Function,0.0012081510576046894
Iterations needed,538
Time needed [s],0.6118951
