Number Items,14
Beute Value,4.499600763244684
Räuber 1,2.249650059917473
Räuber 2,2.249950703327211
Value Function,3.0064340973756654E-4
Iterations needed,8154
Time needed [s],12.6634699
