Name,Wert,Räuber 1,Räuber 2
LOGNORM0,5.2322663199465715,0,1
LOGNORM1,12.458808696632172,1,0
LOGNORM2,10.49468071472836,1,0
LOGNORM3,104.76899649685265,1,0
LOGNORM4,3.7537003348296767,1,0
LOGNORM5,39.36934765401587,0,1
LOGNORM6,12.963813089153225,1,0
LOGNORM7,80.60838488013512,0,1
LOGNORM8,8.691950686736961,0,1
LOGNORM9,7.8039161745452255,0,1
LOGNORM10,13.649334105712375,1,0
LOGNORM11,16.36629602962803,0,1
,Summe,158.08933343790846,158.0721617450078,0.017171692900660673