Number Items,8
Beute Value,445.78412024113226
Räuber 1,276.15058989929565
Räuber 2,169.6335303418366
Value Function,106.51705955745902
Iterations needed,2
Time needed [s],0.0610252
