Number Items,14
Beute Value,513.544129592601
Räuber 1,256.7786827342099
Räuber 2,256.7654468583912
Value Function,0.013235875818693899
Iterations needed,8034
Time needed [s],7.8243732
