Name,Wert,Räuber 1,Räuber 2
LOGNORM0,19.3327977107509,0,1
LOGNORM1,13.349288575714713,0,1
LOGNORM2,5.12280409446857,0,1
LOGNORM3,276.15058989929565,1,0
LOGNORM4,27.489456911136724,0,1
LOGNORM5,22.68705940933149,0,1
LOGNORM6,68.64714816906853,0,1
LOGNORM7,13.004975471365704,0,1
,Summe,276.15058989929565,169.6335303418366,106.51705955745905