Number Items,12
Beute Value,316.16149518291627
Räuber 1,158.08933343790846
Räuber 2,158.0721617450078
Value Function,0.017171692900674884
Iterations needed,1840
Time needed [s],2.5967955
