Number Items,14
Beute Value,7.28386900699322
Räuber 1,3.6420142315778454
Räuber 2,3.641854775415373
Value Function,1.5945616247292627E-4
Iterations needed,3912
Time needed [s],3.4215211
