Number Items,8
Beute Value,5.939470453095361
Räuber 1,2.9688015261758887
Räuber 2,2.9706689269194717
Value Function,0.0018674007435833806
Iterations needed,120
Time needed [s],0.1650315
