Name,Wert,Räuber 1,Räuber 2
NORMAL0,0.9471607030989361,1,0
NORMAL1,0.40014184827788013,1,0
NORMAL2,0.9843001220272852,1,0
NORMAL3,0.514038410553348,0,1
NORMAL4,0.9581824013637508,0,1
NORMAL5,0.7918106850987072,0,1
NORMAL6,0.6371988527717869,1,0
NORMAL7,0.7066374299036658,0,1
,Summe,2.9688015261758887,2.9706689269194717,0.0018674007435830475