Number Items,12
Beute Value,6.255498331852569
Räuber 1,3.128223282087821
Räuber 2,3.1272750497647483
Value Function,9.482323230725065E-4
Iterations needed,2122
Time needed [s],1.9534143
