Name,Wert,Räuber 1,Räuber 2
AA0,730.4302967434272,1,0
AA1,257.8027905957804,1,0
AA2,59.20196581124459,1,0
AA3,244.11725056425314,0,1
AA4,818.8090228552317,0,1
AA5,370.6111260136414,1,0
AA6,856.2829329414598,0,1
AA7,714.9846763958975,0,1
AA8,287.2568868144405,1,0
AA9,916.2469512617624,1,0
null,Summe,2621.5500172402967,2634.1938827568424,12.643865516545702