Number Items,20
Beute Value,10845.470496609434
Räuber 1,5422.72741246422
Räuber 2,5422.743084145213
Value Function,2.0463630789890885E-12
Iterations needed,432538
Time needed,327.5156509
