Number Items,10
Beute Value,5255.743899997139
Räuber 1,2621.5500172402967
Räuber 2,2634.1938827568424
Value Function,12.643865516545475
Iterations needed,464
Time needed [s],0.5218329
