Name,Wert,Räuber 1,Räuber 2
Mona Lisa,300000.0,1,0
Der Schrei,400000.0,1,0
Goldstatue,500000.0,0,1
Maya-Artefakt,40000.0,0,1
Philharmoniker 1 Unze,2393.07,0,1
Philharmoniker 1/4 Unze,576.72,0,1
null,Summe,700000.0,542969.7899999999,157030.21000000008