Name,Wert,Räuber 1,Räuber 2
BETA0,0.36292467331815004,1,0
BETA1,0.2924046311391501,0,1
BETA2,0.0676182066463047,1,0
BETA3,0.25178907435814524,1,0
BETA4,0.2949719124229107,1,0
BETA5,0.3244317757660045,0,1
BETA6,0.1130983491698318,0,1
BETA7,0.40746328362118506,0,1
BETA8,0.314489129595821,0,1
BETA9,0.4733751514888771,1,0
null,Summe,1.4506790182343878,1.4518871692919926,0.001208151057604745