Name,Wert,Räuber 1,Räuber 2
BETA0,0.13217454395513703,0,1
BETA1,0.4358441483774898,0,1
BETA2,0.2926629243979173,1,0
BETA3,0.4046726814234567,1,0
BETA4,0.16058145920470113,0,1
BETA5,0.4168454840294057,0,1
BETA6,0.35616738810584997,1,0
BETA7,0.12143086611436564,1,0
,Summe,1.1749338600415897,1.1454456355667335,0.029488224474856217