Number Items,16
Beute Value,6.036414610639258
Räuber 1,3.0182021614618906
Räuber 2,3.0182124491773674
Value Function,1.1102230246251565E-15
Iterations needed,32096
Time needed [s],47.5770374
