Name,Wert,Räuber 1,Räuber 2
BETA0,0.20536526937851496,0,1
BETA1,0.23828543012802456,1,0
BETA2,0.14313844139396187,1,0
BETA3,0.1952838975158009,0,1
BETA4,0.4405801313255624,0,1
BETA5,0.33348360160927254,1,0
BETA6,0.25003897891052296,0,1
BETA7,0.15432355067198766,1,0
BETA8,0.13819646923288942,1,0
BETA9,0.3951760797165074,0,1
BETA10,0.6629449530191209,1,0
BETA11,0.18200272112516208,0,1
null,Summe,1.6703724460552571,1.6684470779720706,0.0019253680831865516