Number Items,12
Beute Value,3.338819524027328
Räuber 1,1.6703724460552571
Räuber 2,1.6684470779720706
Value Function,0.001925368083186274
Iterations needed,2226
Time needed [s],2.5214569
