Number Items,10
Beute Value,247.01286064112645
Räuber 1,123.52044711177378
Räuber 2,123.49241352935267
Value Function,0.028033582421091552
Iterations needed,568
Time needed [s],0.8218977
