Number Items,16
Beute Value,395.6363176910574
Räuber 1,197.82724947201436
Räuber 2,197.80906821904304
Value Function,0.018181252971380957
Iterations needed,30990
Time needed [s],26.3925706
