Name,Wert,Räuber 1,Räuber 2
LOGNORM0,16.555009225519765,1,0
LOGNORM1,29.770514784297255,0,1
LOGNORM2,33.55871039308514,0,1
LOGNORM3,10.319394479713736,1,0
LOGNORM4,20.133209722214076,1,0
LOGNORM5,14.526985246393785,1,0
LOGNORM6,34.24456164269092,0,1
LOGNORM7,10.075287143975446,1,0
LOGNORM8,51.91056129395696,1,0
LOGNORM9,25.918626709279362,0,1
,Summe,123.52044711177378,123.49241352935267,0.02803358242110221