Number Items,16
Beute Value,6.254506354530461
Räuber 1,3.1272620226909567
Räuber 2,3.127244331839504
Value Function,1.7690851453311396E-5
Iterations needed,16676
Time needed [s],12.1289933
