Number Items,10
Beute Value,4.5042837092053185
Räuber 1,2.2484342870888554
Räuber 2,2.255849422116463
Value Function,0.007415135027607822
Iterations needed,494
Time needed [s],0.6382655
