Name,Wert,Räuber 1,Räuber 2
NORMAL0,0.7087015575489833,0,1
NORMAL1,0.4543952378664313,1,0
NORMAL2,0.6166776374813657,0,1
NORMAL3,0.44297362443813504,1,0
NORMAL4,0.4657463725416875,1,0
NORMAL5,0.42381650922039016,0,1
NORMAL6,0.9843268103855786,1,0
NORMAL7,0.581198412522354,1,0
NORMAL8,0.19958282433363417,1,0
NORMAL9,0.14947570311178549,0,1
NORMAL10,0.5740442610411306,0,1
NORMAL11,0.6545593813610929,0,1
,Summe,3.128223282087821,3.1272750497647483,9.482323230725065E-4