Name,Wert,Räuber 1,Räuber 2
NORMAL0,0.2756196274452084,1,0
NORMAL1,0.18125122690011108,0,1
NORMAL2,0.7079983218689831,0,1
NORMAL3,0.8779966896125423,1,0
NORMAL4,0.16437070531793263,1,0
NORMAL5,0.19544621009109409,1,0
NORMAL6,0.11071656255625129,0,1
NORMAL7,0.9281463528852351,0,1
NORMAL8,0.7350010546220779,1,0
NORMAL9,0.32773695790588253,0,1
,Summe,2.2484342870888554,2.255849422116463,0.007415135027607711