Number Items,16
Beute Value,6489.7052933538325
Räuber 1,3244.975447443621
Räuber 2,3244.729845910212
Value Function,0.24560153340863167
Iterations needed,33000
Time needed [s],20.8160417
