Name,Wert,Räuber 1,Räuber 2
AA0,730.4302967434272,1,0
AA1,257.8027905957804,1,0
AA2,59.20196581124459,1,0
AA3,244.11725056425314,1,0
AA4,818.8090228552317,0,1
AA5,370.6111260136414,0,1
AA6,856.2829329414598,1,0
AA7,714.9846763958975,1,0
AA8,287.2568868144405,0,1
AA9,916.2469512617624,1,0
AA10,8.276148425003683,0,1
AA11,440.62248045442266,0,1
AA12,31.333948495113173,1,0
AA13,922.7110770321573,0,1
AA14,962.1037571047796,0,1
null,Summe,3810.400812808938,3810.3904986996768,0.010314109261344129