Number Items,8
Beute Value,4052.2400619209357
Räuber 1,2035.7137404111627
Räuber 2,2016.526321509773
Value Function,19.18741890138972
Iterations needed,66
Time needed [s],0.1919012
