Number Items,12
Beute Value,5704.642528876566
Räuber 1,2854.420881419545
Räuber 2,2850.22164745702
Value Function,4.199233962525113
Iterations needed,1958
Time needed [s],2.1064701
