Name,Wert,Räuber 1,Räuber 2
AA0,211.5917768704282,1,0
AA1,349.16136511452044,1,0
AA2,978.8189592430374,0,1
AA3,583.1049053491464,1,0
AA4,366.29992434826755,1,0
AA5,262.101358748123,0,1
AA6,42.38615353000819,0,1
AA7,202.72949812802042,1,0
AA8,590.9037487095737,0,1
AA9,168.71802731742525,1,0
,Summe,1881.6054971278081,1874.2102202307424,7.395276897065742