Name,Wert,Räuber 1,Räuber 2
AA0,730.4302967434272,1,0
AA1,257.8027905957804,0,1
AA2,59.20196581124459,1,0
AA3,244.11725056425314,1,0
AA4,818.8090228552317,0,1
AA5,370.6111260136414,1,0
AA6,856.2829329414598,0,1
AA7,714.9846763958975,1,0
AA8,287.2568868144405,1,0
AA9,916.2469512617624,0,1
AA10,8.276148425003683,0,1
AA11,440.62248045442266,0,1
AA12,31.333948495113173,0,1
AA13,922.7110770321573,1,0
,Summe,3329.3132793750615,3329.3742750287734,0.060995653711870546