Number Items,12
Beute Value,2756.833089195358
Räuber 1,1377.7741000637507
Räuber 2,1379.058989131607
Value Function,1.2848890678561418
Iterations needed,1210
Time needed [s],1.2589109
