Name,Wert,Räuber 1,Räuber 2
AA0,658.4803215718478,1,0
AA1,264.00131059342067,1,0
AA2,993.4684095464521,0,1
AA3,875.7929839511303,0,1
AA4,665.0238608442196,1,0
AA5,216.50049194470955,1,0
AA6,322.5683376479426,1,0
AA7,637.714601976056,1,0
AA8,137.84431961279964,0,1
AA9,755.6573011623456,0,1
,Summe,2764.288924578196,2762.7630142727276,1.525910305468642