Name,Wert,Räuber 1,Räuber 2
AA0,730.4302967434272,0,1
AA1,257.8027905957804,1,0
AA2,59.20196581124459,0,1
AA3,244.11725056425314,1,0
AA4,818.8090228552317,1,0
AA5,370.6111260136414,0,1
AA6,856.2829329414598,0,1
AA7,714.9846763958975,1,0
,Summe,2035.7137404111627,2016.526321509773,19.18741890138972