Number Items,10
Beute Value,3755.815717358551
Räuber 1,1881.6054971278081
Räuber 2,1874.2102202307424
Value Function,7.395276897065969
Iterations needed,288
Time needed [s],0.3052054
