Number Items,14
Beute Value,6658.687554403836
Räuber 1,3329.3132793750615
Räuber 2,3329.3742750287734
Value Function,0.06099565371209792
Iterations needed,3644
Time needed [s],3.3673473
