Name,Wert,Räuber 1,Räuber 2
AA0,730.4302967434272,1,0
AA1,257.8027905957804,0,1
AA2,59.20196581124459,0,1
AA3,244.11725056425314,0,1
AA4,818.8090228552317,1,0
AA5,370.6111260136414,0,1
AA6,856.2829329414598,1,0
AA7,714.9846763958975,0,1
AA8,287.2568868144405,0,1
AA9,916.2469512617624,0,1
AA10,8.276148425003683,1,0
AA11,440.62248045442266,1,0
,Summe,2854.420881419545,2850.22164745702,4.199233962524886