Number Items,10
Beute Value,5527.051938850925
Räuber 1,2764.288924578196
Räuber 2,2762.7630142727276
Value Function,1.5259103054685283
Iterations needed,530
Time needed [s],0.4903102
