Number Items,18
Beute Value,9673.22460579405
Räuber 1,4836.613109597318
Räuber 2,4836.611496196733
Value Function,0.001613400584574265
Iterations needed,75708
Time needed [s],49.7937204
