Name,Wert,Räuber 1,Räuber 2
AA0,456.93685620706714,1,0
AA1,390.180799063628,1,0
AA2,135.36892317527239,0,1
AA3,157.81688302650355,0,1
AA4,66.388007645789,1,0
AA5,433.6973544436329,0,1
AA6,81.00572244784642,1,0
AA7,204.27383353479632,1,0
AA8,443.89440828720063,0,1
AA9,9.768580017152972,0,1
AA10,198.51284018184455,0,1
AA11,178.98888116462385,1,0
,Summe,1377.7741000637507,1379.058989131607,1.2848890678562839