Number Items,16
Beute Value,8421.572333302915
Räuber 1,4210.7659181983745
Räuber 2,4210.806415104539
Value Function,0.040496906164662505
Iterations needed,17748
Time needed [s],11.05112
