Number Items,15
Beute Value,7620.791311508616
Räuber 1,3810.400812808938
Räuber 2,3810.3904986996768
Value Function,0.01031410926168519
Iterations needed,13212
Time needed,12.3171981
