Name,Wert
AA0,456.93685620706714
AA1,390.180799063628
AA2,135.36892317527239
AA3,157.81688302650355
AA4,66.388007645789
AA5,433.6973544436329
AA6,81.00572244784642
AA7,204.27383353479632
AA8,443.89440828720063
AA9,9.768580017152972
AA10,198.51284018184455
AA11,178.98888116462385
