Name,Wert
AA0,730.4302967434272
AA1,257.8027905957804
AA2,59.20196581124459
AA3,244.11725056425314
AA4,818.8090228552317
AA5,370.6111260136414
AA6,856.2829329414598
AA7,714.9846763958975
AA8,287.2568868144405
AA9,916.2469512617624
AA10,8.276148425003683
AA11,440.62248045442266
AA12,31.333948495113173
AA13,922.7110770321573
AA14,962.1037571047796
