Name,Wert
AA0,211.5917768704282
AA1,349.16136511452044
AA2,978.8189592430374
AA3,583.1049053491464
AA4,366.29992434826755
AA5,262.101358748123
AA6,42.38615353000819
AA7,202.72949812802042
AA8,590.9037487095737
AA9,168.71802731742525
