Name,Wert
AA0,730.4302967434272
AA1,257.8027905957804
AA2,59.20196581124459
AA3,244.11725056425314
AA4,818.8090228552317
AA5,370.6111260136414
AA6,856.2829329414598
AA7,714.9846763958975
