Name,Wert
AA0,658.4803215718478
AA1,264.00131059342067
AA2,993.4684095464521
AA3,875.7929839511303
AA4,665.0238608442196
AA5,216.50049194470955
AA6,322.5683376479426
AA7,637.714601976056
AA8,137.84431961279964
AA9,755.6573011623456
