Name,Wert
AA0,996.5726562520153
AA1,678.4051371593381
AA2,351.8447398247302
AA3,213.78449301963175
AA4,181.1796298416013
AA5,40.16512155841379
AA6,350.3679236659121
AA7,691.1588093369551
AA8,420.10014593734223
AA9,767.2966626769434
AA10,878.3816728723477
AA11,265.10285119237153
AA12,174.6928394371542
AA13,150.85284577374702
AA14,182.3363918785028
AA15,147.46337292682654
