name,wert
BETA0,0.36292467331815004
BETA1,0.2924046311391501
BETA2,0.0676182066463047
BETA3,0.25178907435814524
BETA4,0.2949719124229107
BETA5,0.3244317757660045
BETA6,0.1130983491698318
BETA7,0.40746328362118506
BETA8,0.314489129595821
BETA9,0.4733751514888771
