name,wert
BETA0,0.35099966485666556
BETA1,0.16588606969536787
BETA2,0.4896028932251268
BETA3,0.21623602007202997
BETA4,0.4244165415150242
BETA5,0.461706983692317
BETA6,0.41556522989690536
BETA7,0.33341558888523376
BETA8,0.1473323851009507
BETA9,0.16114582285061854
BETA10,0.1726400207367282
BETA11,0.1689631277722274
BETA12,0.4291346474197056
BETA13,0.5196311195020986
BETA14,0.3532443406218193
BETA15,0.1346811481837614
BETA16,0.1301376260378327
BETA17,0.268066960114467
