name,wert
BETA0,0.7951108945475905
BETA1,0.25507096130453494
BETA2,0.11576571368173166
BETA3,0.408306760626745
BETA4,0.39753226126029884
BETA5,0.43063924160605416
BETA6,0.3677247331627925
BETA7,0.6886918930555354
