wert,name
0.16764061614516843,BETA0
0.4343702683397233,BETA1
0.18762045461147908,BETA2
0.2690347139822317,BETA3
0.3469744024999073,BETA4
0.4239317679015372,BETA5
0.6790885523667386,BETA6
0.39443719478271017,BETA7
0.6860546895540972,BETA8
0.0646681977577964,BETA9
0.4271856828360589,BETA10
0.027291762364154416,BETA11
