wert,name
0.30125941045233745,BETA0
0.0871139306126277,BETA1
0.5303937024323924,BETA2
0.488053585132977,BETA3
0.6090999225188152,BETA4
0.6295627307614411,BETA5
0.5305967851762453,BETA6
0.4378705007287432,BETA7
