wert,name
0.5832370882098906,BETA0
0.10332653620397773,BETA1
0.2903964636814738,BETA2
0.35457138010471423,BETA3
0.017499736925899973,BETA4
0.5770249993956473,BETA5
0.48790660013582093,BETA6
0.2782679430546233,BETA7
0.34133776136166744,BETA8
0.47129599120428906,BETA9
0.16549756451450023,BETA10
0.5288367205434091,BETA11
0.3024989462475616,BETA12
0.5072268039922475,BETA13
0.5243991942711447,BETA14
0.15086210990139168,BETA15
0.24761760840039376,BETA16
0.339384448518578,BETA17
