name,wert
BETA0,0.25121365588451283
BETA1,0.24084952606091098
BETA2,0.006152210082407452
BETA3,0.1538337282268816
BETA4,0.24046373449093145
BETA5,0.19016548369280079
BETA6,0.2783383806461067
BETA7,0.5750605790719856
BETA8,0.38720038202078316
BETA9,0.1775537607813783
