name,wert
BETA0,0.3616527963091043
BETA1,0.4375855942280006
BETA2,0.2041245991647785
BETA3,0.2550255083978628
BETA4,0.22140129053337887
BETA5,0.1032615005848555
BETA6,0.19146321990360074
BETA7,0.6175052138984003
BETA8,0.3497586215105735
BETA9,0.5143084971047899
BETA10,0.14720290891860477
BETA11,0.20775534848017477
BETA12,0.2854368248600148
BETA13,0.6031188393505448
