wert,name
0.5549675937018125,BETA0
0.7349122892141445,BETA1
0.37030356898425687,BETA2
0.2502445964371712,BETA3
0.21576355232015562,BETA4
0.23491336140060115,BETA5
0.26176463976186815,BETA6
0.455969244491417,BETA7
0.33060536391835466,BETA8
0.09864988850184854,BETA9
0.41125726751700303,BETA10
0.3062011138350749,BETA11
0.12895323882340243,BETA12
0.6051345830637164,BETA13
