name,wert
BETA0,0.13217454395513703
BETA1,0.4358441483774898
BETA2,0.2926629243979173
BETA3,0.4046726814234567
BETA4,0.16058145920470113
BETA5,0.4168454840294057
BETA6,0.35616738810584997
BETA7,0.12143086611436564
