name,wert
BETA0,0.4627222151331202
BETA1,0.6734203019018778
BETA2,0.2228758715506729
BETA3,0.5264849023894929
BETA4,0.4157729376270845
BETA5,0.2425057380109747
BETA6,0.6360074247279749
BETA7,0.19004881087235384
BETA8,0.6839350078179228
BETA9,0.34542798395542446
BETA10,0.10596004162197764
BETA11,0.1765222282191789
BETA12,0.12595153050515293
BETA13,0.216373059493261
BETA14,0.2530399341009821
BETA15,0.7593666227118063
