name,wert
BETA0,0.20536526937851496
BETA1,0.23828543012802456
BETA2,0.14313844139396187
BETA3,0.1952838975158009
BETA4,0.4405801313255624
BETA5,0.33348360160927254
BETA6,0.25003897891052296
BETA7,0.15432355067198766
BETA8,0.13819646923288942
BETA9,0.3951760797165074
BETA10,0.6629449530191209
BETA11,0.18200272112516208
