wert,name
0.4366334382768653,BETA0
0.6118466599178521,BETA1
0.4710200517947045,BETA2
0.4803906818646356,BETA3
0.4235275347808956,BETA4
0.08494828861633366,BETA5
0.5608768641437694,BETA6
0.3941926056013727,BETA7
0.3845376053508281,BETA8
0.3010643598105189,BETA9
0.29414062218701986,BETA10
0.2351518990948895,BETA11
0.18209368523583191,BETA12
0.21283670313223504,BETA13
0.1826220847307543,BETA14
0.42663090110552143,BETA15
