wert,name
0.49387997487321833,BETA0
0.3059362239460366,BETA1
0.30183088307364714,BETA2
0.49312795904567003,BETA3
0.3528688898197197,BETA4
0.6107584417945382,BETA5
0.38511837824416845,BETA6
0.20933550641067356,BETA7
0.4128021248918488,BETA8
0.10127329674966905,BETA9
