name,wert
LOGNORM0,5.2322663199465715
LOGNORM1,12.458808696632172
LOGNORM2,10.49468071472836
LOGNORM3,104.76899649685265
LOGNORM4,3.7537003348296767
LOGNORM5,39.36934765401587
LOGNORM6,12.963813089153225
LOGNORM7,80.60838488013512
LOGNORM8,8.691950686736961
LOGNORM9,7.8039161745452255
LOGNORM10,13.649334105712375
LOGNORM11,16.36629602962803
