name,wert
LOGNORM0,16.555009225519765
LOGNORM1,29.770514784297255
LOGNORM2,33.55871039308514
LOGNORM3,10.319394479713736
LOGNORM4,20.133209722214076
LOGNORM5,14.526985246393785
LOGNORM6,34.24456164269092
LOGNORM7,10.075287143975446
LOGNORM8,51.91056129395696
LOGNORM9,25.918626709279362
