name,wert
LOGNORM0,65.98381625483003
LOGNORM1,18.71800059371006
LOGNORM2,28.315706492038476
LOGNORM3,35.189035427473186
LOGNORM4,10.710929815432554
LOGNORM5,83.41449419088426
LOGNORM6,13.006274374524251
LOGNORM7,6.520371348147416
LOGNORM8,13.515821603879738
LOGNORM9,5.84466471130666
