name,wert
LOGNORM0,27.78403771147069
LOGNORM1,25.032463026347326
LOGNORM2,113.43968941204041
LOGNORM3,62.40408754255614
LOGNORM4,18.976607908614582
LOGNORM5,7.2862221317147196
LOGNORM6,100.4615239636317
LOGNORM7,41.69609639834366
LOGNORM8,28.070382419683863
LOGNORM9,17.82810112012677
LOGNORM10,12.988277230330032
LOGNORM11,14.677191057743423
LOGNORM12,18.766093135821947
LOGNORM13,24.133356534175828
