wert,name
20.380895256908673,LOGNORM0
42.304784614245015,LOGNORM1
8.923362585837019,LOGNORM2
15.502599927198533,LOGNORM3
13.675320184153916,LOGNORM4
6.163814092515917,LOGNORM5
75.09878239774308,LOGNORM6
6.5857591451178905,LOGNORM7
60.34174390040053,LOGNORM8
52.65180396225855,LOGNORM9
11.074391399970436,LOGNORM10
54.37683070323782,LOGNORM11
82.36708867396698,LOGNORM12
13.784776313372936,LOGNORM13
25.0422653386088,LOGNORM14
98.24456726949946,LOGNORM15
