wert,name
118.51204189297947,LOGNORM0
4.124806249704493,LOGNORM1
30.727880882822888,LOGNORM2
26.620399016645248,LOGNORM3
16.286263294288815,LOGNORM4
52.81969431512479,LOGNORM5
9.313840389052986,LOGNORM6
8.816036757209844,LOGNORM7
