name,wert
LOGNORM0,19.3327977107509
LOGNORM1,13.349288575714713
LOGNORM2,5.12280409446857
LOGNORM3,276.15058989929565
LOGNORM4,27.489456911136724
LOGNORM5,22.68705940933149
LOGNORM6,68.64714816906853
LOGNORM7,13.004975471365704
