name,wert
LOGNORM0,27.450280248573716
LOGNORM1,28.75411524237797
LOGNORM2,6.155858398212487
LOGNORM3,72.56842595806486
LOGNORM4,3.346309760007433
LOGNORM5,16.10880237353872
LOGNORM6,15.093609679903143
LOGNORM7,10.31117273392006
LOGNORM8,14.903690600324213
LOGNORM9,32.53089278067987
LOGNORM10,20.42156742784664
LOGNORM11,15.938356305992407
LOGNORM12,17.132579482269513
LOGNORM13,79.91019352823974
LOGNORM14,10.84448392767859
LOGNORM15,24.165979243428005
