wert,name
14.349828391926067,LOGNORM0
13.480798385541972,LOGNORM1
4.969955809397998,LOGNORM2
11.105434135288853,LOGNORM3
71.88777978499719,LOGNORM4
8.785834329095907,LOGNORM5
27.569532284748238,LOGNORM6
48.965733077884,LOGNORM7
17.554035844877383,LOGNORM8
14.234978034191338,LOGNORM9
