wert,name
105.96795661468725,LOGNORM0
34.72642916248778,LOGNORM1
21.264267175626102,LOGNORM2
32.64118482604929,LOGNORM3
4.899075610803576,LOGNORM4
4.351488020891499,LOGNORM5
3.440825824738713,LOGNORM6
18.85952281049438,LOGNORM7
255.7808175913605,LOGNORM8
96.60672184602274,LOGNORM9
3.8411073899338075,LOGNORM10
126.64617161446645,LOGNORM11
32.52579229216782,LOGNORM12
10.386373446968438,LOGNORM13
