wert,name
35.88515877809689,LOGNORM0
37.51925935320685,LOGNORM1
3.8368389763597643,LOGNORM2
6.219048876753253,LOGNORM3
47.7715838766379,LOGNORM4
29.45275188942759,LOGNORM5
19.887435389724384,LOGNORM6
22.967778524132292,LOGNORM7
51.73478011588368,LOGNORM8
33.58514377483818,LOGNORM9
54.25600562331516,LOGNORM10
14.35000780314021,LOGNORM11
