name,wert
LOGNORM0,116.51461832968333
LOGNORM1,54.44720392345207
LOGNORM2,44.05233046623581
LOGNORM3,26.784607619166962
LOGNORM4,2.078290837709243
LOGNORM5,3.440906798118603
LOGNORM6,8.46399959401968
LOGNORM7,58.25053360803477
