name,wert
NORMAL0,0.2834059453005522
NORMAL1,0.8043111148507417
NORMAL2,0.1152646586831364
NORMAL3,0.36601968880329916
NORMAL4,0.002039501227199869
NORMAL5,0.1306872487824433
NORMAL6,0.6676304113846598
NORMAL7,0.0689027151520949
NORMAL8,0.4015268405194893
NORMAL9,0.7725637541031405
NORMAL10,0.3743475115463437
NORMAL11,0.7374474496118802
NORMAL12,0.40497000791926496
NORMAL13,0.02509844332367961
NORMAL14,0.10335735420997616
NORMAL15,0.9969337091125601
