name,wert
NORMAL0,0.47271986177429337
NORMAL1,0.3748407940273114
NORMAL2,0.3124489738550763
NORMAL3,0.9591195085885047
NORMAL4,0.6436258540382964
NORMAL5,0.45138343409499915
NORMAL6,0.044938965316344004
NORMAL7,0.1704098920606233
