name,wert
NORMAL0,0.9471607030989361
NORMAL1,0.40014184827788013
NORMAL2,0.9843001220272852
NORMAL3,0.514038410553348
NORMAL4,0.9581824013637508
NORMAL5,0.7918106850987072
NORMAL6,0.6371988527717869
NORMAL7,0.7066374299036658
