name,wert
NORMAL0,0.01850534919895197
NORMAL1,0.7833210684478047
NORMAL2,0.7574910991552533
NORMAL3,0.9903189850251831
NORMAL4,0.5719057631186113
NORMAL5,0.7248573170908894
NORMAL6,0.2545380188204974
NORMAL7,0.7136999959084124
NORMAL8,0.07207418249545017
NORMAL9,0.6627818173687241
NORMAL10,0.3850922559139791
NORMAL11,0.3647383907228795
NORMAL12,0.012309636319018935
NORMAL13,0.9722351274075637
