wert,name
0.5172446049263267,NORMAL0
0.750407834954613,NORMAL1
0.3740519261640268,NORMAL2
0.7189711864907266,NORMAL3
0.4072886072629526,NORMAL4
0.36546115104023114,NORMAL5
0.4736311827977585,NORMAL6
0.697330786442015,NORMAL7
0.12863258079037976,NORMAL8
0.1478362527521283,NORMAL9
