name,wert
NORMAL0,0.7087015575489833
NORMAL1,0.4543952378664313
NORMAL2,0.6166776374813657
NORMAL3,0.44297362443813504
NORMAL4,0.4657463725416875
NORMAL5,0.42381650922039016
NORMAL6,0.9843268103855786
NORMAL7,0.581198412522354
NORMAL8,0.19958282433363417
NORMAL9,0.14947570311178549
NORMAL10,0.5740442610411306
NORMAL11,0.6545593813610929
