wert,name
0.9287454653925591,NORMAL0
0.13076821285131868,NORMAL1
0.5654186437592115,NORMAL2
0.7654311961937519,NORMAL3
0.6399157539455775,NORMAL4
0.2793607444919117,NORMAL5
0.935800290883872,NORMAL6
0.2968828801058264,NORMAL7
0.3515596367140612,NORMAL8
0.7436447223111329,NORMAL9
0.6787201384725687,NORMAL10
0.7290862603977571,NORMAL11
