wert,name
0.2687881932593189,NORMAL0
0.9121078980820351,NORMAL1
0.0024713674307937916,NORMAL2
0.18421070411468154,NORMAL3
0.29105172592471695,NORMAL4
0.566692036716758,NORMAL5
0.2918239101064104,NORMAL6
0.7918507696585955,NORMAL7
0.7690264563275565,NORMAL8
0.4455482340856126,NORMAL9
0.04571540918425443,NORMAL10
0.8316630731795667,NORMAL11
0.2678498312363875,NORMAL12
0.610811633819902,NORMAL13
0.9508373401455162,NORMAL14
0.02599024266749761,NORMAL15
