name,wert
NORMAL0,0.2756196274452084
NORMAL1,0.18125122690011108
NORMAL2,0.7079983218689831
NORMAL3,0.8779966896125423
NORMAL4,0.16437070531793263
NORMAL5,0.19544621009109409
NORMAL6,0.11071656255625129
NORMAL7,0.9281463528852351
NORMAL8,0.7350010546220779
NORMAL9,0.32773695790588253
