wert,name
0.6881302833282888,NORMAL0
0.9739918932796635,NORMAL1
0.7484901249702562,NORMAL2
0.7535423046895618,NORMAL3
0.31415529085057425,NORMAL4
0.8256901768888267,NORMAL5
0.9527065669623347,NORMAL6
0.7376067091782664,NORMAL7
