name,wert
NORMAL0,0.07313459731379768
NORMAL1,0.603526383107369
NORMAL2,0.9390945415096192
NORMAL3,0.10761399141270012
NORMAL4,0.706664084972451
NORMAL5,0.47783714497610585
NORMAL6,0.9242551431661088
NORMAL7,0.7812316025393621
NORMAL8,0.9797182253294124
NORMAL9,0.31104410708635366
