wert,name
0.7613530799291242,NORMAL0
0.8095492037011822,NORMAL1
0.38805014451338127,NORMAL2
0.8563279417582261,NORMAL3
0.5672862965389708,NORMAL4
0.4589535046895179,NORMAL5
0.44208672695455253,NORMAL6
0.19458337748285026,NORMAL7
0.3699522626867986,NORMAL8
0.8018409955045506,NORMAL9
0.6650939630189066,NORMAL10
0.7967223279990396,NORMAL11
0.2803659670647527,NORMAL12
0.06555241168544579,NORMAL13
